client_id	path	sentence	up_votes	down_votes	age	gender	accent	locale	segment
25c1d04b50cee236ac83edbf68004e14d84b9c09c8bab3bfd969f150bae687a1be9e700b9c3fa6d474e5c8d23561ce3d67e5e7911880caeb00433ef79f09ce4d	common_voice_pa-IN_21717905.mp3	ਸ਼ਹਿਰਾਂ ਗਲੀਆਂ ਵਿਚ ਸਾਰੇ ਲਿਖਵਾ ਦਿਆਂ	1	0				pa-IN	
1f06b30402cdccbe99ba5d6ff11f5a893e78c294508b9403e396be8416b715caeb0c5fa3d5ce83691cf3781a0eb95289b4e87d50038e4114ab526883dfec1ea8	common_voice_pa-IN_21723002.mp3	ਦੇਸ਼ ਲਈ ਕੁਰਬਾਨ ਹੋਣ ਦੀਆਂ ਗੱਲਾਂ ਕਰਨ ਵਾਲੇ	1	0				pa-IN	
1f06b30402cdccbe99ba5d6ff11f5a893e78c294508b9403e396be8416b715caeb0c5fa3d5ce83691cf3781a0eb95289b4e87d50038e4114ab526883dfec1ea8	common_voice_pa-IN_21722999.mp3	ਘਰ ਬਾਹਰ ਪੈਸੇ ਲਈ ਛੱਡਿਆ ਏ	0	1				pa-IN	
1f06b30402cdccbe99ba5d6ff11f5a893e78c294508b9403e396be8416b715caeb0c5fa3d5ce83691cf3781a0eb95289b4e87d50038e4114ab526883dfec1ea8	common_voice_pa-IN_21722991.mp3	ਵਿਕਾਸ ਮਨੁੱਖਤਾ ਦਾ ਸੁੰਦਰ ਵਰਤਾਰਾ ਹੈ	1	0				pa-IN	
1f06b30402cdccbe99ba5d6ff11f5a893e78c294508b9403e396be8416b715caeb0c5fa3d5ce83691cf3781a0eb95289b4e87d50038e4114ab526883dfec1ea8	common_voice_pa-IN_21723021.mp3	ਕਬੱਡੀ ਮੈਚ ਕਨਿੰਘਮ ਪਾਰਕ ਵਿਚ ਹੋਣੇ ਸਨ	1	1				pa-IN	
1f06b30402cdccbe99ba5d6ff11f5a893e78c294508b9403e396be8416b715caeb0c5fa3d5ce83691cf3781a0eb95289b4e87d50038e4114ab526883dfec1ea8	common_voice_pa-IN_21723018.mp3	ਗੁਆਂਢੀਆਂ ਨੂੰ ਕਦੇ ਵੀ ਮਾੜਾ ਲਫ਼ਜ਼ ਨਾ ਬੋਲੋ	1	0				pa-IN	
ae5d7964ae1cf5548b443f16e68eeb3005e6e1c19d4af7b3a3848dda4fe2436a10a8db34dd7fb48346a8b5ebce39d18a370a3a2218bad02c29f2f57d430497a2	common_voice_pa-IN_21916815.mp3	ਇਸ ਲਈ ਸ਼ੈਂਪੂ ਪਿੱਛੋਂ ਕੰਡੀਸ਼ਨਰ ਵਰਤਣਾ ਚਾਹੀਦੈ	1	0	fourties	male		pa-IN	
ae5d7964ae1cf5548b443f16e68eeb3005e6e1c19d4af7b3a3848dda4fe2436a10a8db34dd7fb48346a8b5ebce39d18a370a3a2218bad02c29f2f57d430497a2	common_voice_pa-IN_21916814.mp3	ਫੇਰ ਟੈਕਸੀ ਲੈ ਕੇ ਸਾਡੇ ਕੋਲ਼ ਆਇਆ ਸੀ	0	1	fourties	male		pa-IN	
ae5d7964ae1cf5548b443f16e68eeb3005e6e1c19d4af7b3a3848dda4fe2436a10a8db34dd7fb48346a8b5ebce39d18a370a3a2218bad02c29f2f57d430497a2	common_voice_pa-IN_21916816.mp3	ਤੁਸੀਂ ਆਪਣੇ ਵਿਚਾਰਾਂ ਤੇ ਕਾਬੂ ਕਰ ਸਕਦੇ ਹੋ	1	0	fourties	male		pa-IN	
fdf3a087da4620a92acb4f49c65e90ac384c9e93c739e79f2088be0c97406e7b4dad2497957c58c632fb394eb6338e9f41aab06125ce2f1d701d1e40aafec697	common_voice_pa-IN_21917697.mp3	ਦੁਪਹਿਰ ਜਾਂ ਸ਼ਾਮ ਨੂੰ ਝਪਕੀਆਂ ਨਾ ਲਓ	1	0	fifties	male		pa-IN	
fdf3a087da4620a92acb4f49c65e90ac384c9e93c739e79f2088be0c97406e7b4dad2497957c58c632fb394eb6338e9f41aab06125ce2f1d701d1e40aafec697	common_voice_pa-IN_21917694.mp3	ਅੱਜ ਦੇ ਇਸ ਇਕੱਠ ਨੇ	1	0	fifties	male		pa-IN	
e7b741b8447cba0c0447acf0d51fdafebc0339a5b8a8532c5a760ee0ab904bd35c7ec21fa20673eb3b2ec06233e311c219579edfc5d673539a6381bbd281e0b7	common_voice_pa-IN_21917829.mp3	ਜਿਊਣ ਜੋਗੀਏ ਕਿੱਥੇ ਸੈਂ ਏਨੀ ਦੇਰ	0	1				pa-IN	
e7b741b8447cba0c0447acf0d51fdafebc0339a5b8a8532c5a760ee0ab904bd35c7ec21fa20673eb3b2ec06233e311c219579edfc5d673539a6381bbd281e0b7	common_voice_pa-IN_21917830.mp3	ਇਸ ਵਿਚ ਖੇਡਾਂ ਦਾ ਆਪਣਾ ਰੋਲ ਹੈ	0	1				pa-IN	
e7b741b8447cba0c0447acf0d51fdafebc0339a5b8a8532c5a760ee0ab904bd35c7ec21fa20673eb3b2ec06233e311c219579edfc5d673539a6381bbd281e0b7	common_voice_pa-IN_21917832.mp3	ਬਲਵੰਤ ਉਸ ਤੋਂ ਤਿੰਨ ਸਾਲ ਛੋਟਾ ਹੈ	1	0				pa-IN	
ae5d7964ae1cf5548b443f16e68eeb3005e6e1c19d4af7b3a3848dda4fe2436a10a8db34dd7fb48346a8b5ebce39d18a370a3a2218bad02c29f2f57d430497a2	common_voice_pa-IN_21982376.mp3	ਇਸ ਮੌਕੇ ਸਰਚਾਂਦ ਸਿੰਘ ਵੀ ਮੌਜੂਦ ਸਨ	1	0	fourties	male		pa-IN	
ae5d7964ae1cf5548b443f16e68eeb3005e6e1c19d4af7b3a3848dda4fe2436a10a8db34dd7fb48346a8b5ebce39d18a370a3a2218bad02c29f2f57d430497a2	common_voice_pa-IN_21982379.mp3	ਬਲਦੇਵ ਸਿੰਘ ਦੀ ਆਈ ਚਲਾਈ ਹੀ ਚੱਲਦੀ ਸੀ	0	0	fourties	male		pa-IN	
ae5d7964ae1cf5548b443f16e68eeb3005e6e1c19d4af7b3a3848dda4fe2436a10a8db34dd7fb48346a8b5ebce39d18a370a3a2218bad02c29f2f57d430497a2	common_voice_pa-IN_21982374.mp3	ਘੁੱਟ ਗਲਵੱਕੜੀ ਪਾਉਣਾ ਚਾਹੁੰਦੀ ਸੀ ਮੈਨੂੰ	0	0	fourties	male		pa-IN	
ae5d7964ae1cf5548b443f16e68eeb3005e6e1c19d4af7b3a3848dda4fe2436a10a8db34dd7fb48346a8b5ebce39d18a370a3a2218bad02c29f2f57d430497a2	common_voice_pa-IN_21982543.mp3	ਉਹ ਅਮੀਰੀ ਗਰੀਬੀ ਵਿਚਲਾ ਫਰਕ ਮਿਟਾਉਣ ਦੀ ਮੰਗ ਕਰ ਰਹੇ ਸਨ	1	0	fourties	male		pa-IN	
ae5d7964ae1cf5548b443f16e68eeb3005e6e1c19d4af7b3a3848dda4fe2436a10a8db34dd7fb48346a8b5ebce39d18a370a3a2218bad02c29f2f57d430497a2	common_voice_pa-IN_21982540.mp3	ਇੱਕ ਬੰਦੇ ਵਿੱਚ ਕੋਈ ਸ਼ਕਤੀ ਨਹੀਂ ਹੈ	0	0	fourties	male		pa-IN	
ae5d7964ae1cf5548b443f16e68eeb3005e6e1c19d4af7b3a3848dda4fe2436a10a8db34dd7fb48346a8b5ebce39d18a370a3a2218bad02c29f2f57d430497a2	common_voice_pa-IN_21982545.mp3	ਮੁੰਡਾ ਹੋਇਆ ਹਜ਼ੂਰ ਸਾਹਿਬ ਪੱਗ ਬੰਨਾਂ ਕੇ ਲਿਆਵਾਂਗੇ	0	0	fourties	male		pa-IN	
ae5d7964ae1cf5548b443f16e68eeb3005e6e1c19d4af7b3a3848dda4fe2436a10a8db34dd7fb48346a8b5ebce39d18a370a3a2218bad02c29f2f57d430497a2	common_voice_pa-IN_21982547.mp3	ਮੁਸਕਰਾਓ ਇਸ ਨਾਲ ਲੋਕ ਚਕਰਾ ਜਾਂਦੇ ਹਨ	0	0	fourties	male		pa-IN	
ae5d7964ae1cf5548b443f16e68eeb3005e6e1c19d4af7b3a3848dda4fe2436a10a8db34dd7fb48346a8b5ebce39d18a370a3a2218bad02c29f2f57d430497a2	common_voice_pa-IN_21982546.mp3	ਹੁਣ ਮੈਂ ਉਣੱਤਰਵੇਂ ਸਾਲ ਚ ਹਾਂ	1	0	fourties	male		pa-IN	
ae5d7964ae1cf5548b443f16e68eeb3005e6e1c19d4af7b3a3848dda4fe2436a10a8db34dd7fb48346a8b5ebce39d18a370a3a2218bad02c29f2f57d430497a2	common_voice_pa-IN_21982726.mp3	ਸੋ ਅਸੀਂ ਸਿੱਧੇ ਤੌਰ ਤੇ ਸ਼ਾਕਾਹਾਰੀ ਨਾ ਹੋਏ	1	0	fourties	male		pa-IN	
ae5d7964ae1cf5548b443f16e68eeb3005e6e1c19d4af7b3a3848dda4fe2436a10a8db34dd7fb48346a8b5ebce39d18a370a3a2218bad02c29f2f57d430497a2	common_voice_pa-IN_21982730.mp3	ਕਿਸਾਨਾਂ ਨੂੰ ਸਰਕਾਰੀ ਸਕੀਮਾਂ ਤੋਂ ਜਾਣੂ ਕਰਵਾਇਆ	1	0	fourties	male		pa-IN	
ae5d7964ae1cf5548b443f16e68eeb3005e6e1c19d4af7b3a3848dda4fe2436a10a8db34dd7fb48346a8b5ebce39d18a370a3a2218bad02c29f2f57d430497a2	common_voice_pa-IN_21982736.mp3	ਕਣਕ ਭੁਨਾ ਕੇ ਮਰੂੰਡੇ ਬਣਾਏ ਜਾਂਦੇ	0	0	fourties	male		pa-IN	
ae5d7964ae1cf5548b443f16e68eeb3005e6e1c19d4af7b3a3848dda4fe2436a10a8db34dd7fb48346a8b5ebce39d18a370a3a2218bad02c29f2f57d430497a2	common_voice_pa-IN_21982735.mp3	ਦੂਜੇ ਦੀ ਔਰਤ ਵੀ ਉਸੇ ਦੀ ਹੋ ਜਾਵੇ	0	0	fourties	male		pa-IN	
ae5d7964ae1cf5548b443f16e68eeb3005e6e1c19d4af7b3a3848dda4fe2436a10a8db34dd7fb48346a8b5ebce39d18a370a3a2218bad02c29f2f57d430497a2	common_voice_pa-IN_21982737.mp3	ਲੋਕ ਸਿਕਾਰੀਆਂ ਨੂੰ ਝੇਡਾਂ ਕਰ ਰਹੇ ਸਨ	1	0	fourties	male		pa-IN	
ae5d7964ae1cf5548b443f16e68eeb3005e6e1c19d4af7b3a3848dda4fe2436a10a8db34dd7fb48346a8b5ebce39d18a370a3a2218bad02c29f2f57d430497a2	common_voice_pa-IN_21982818.mp3	ਭਿੰਡੀ ਦਾ ਬੂਟਾ ਫੁੱਟ ਉੱਚਾ	1	0	fourties	male		pa-IN	
ae5d7964ae1cf5548b443f16e68eeb3005e6e1c19d4af7b3a3848dda4fe2436a10a8db34dd7fb48346a8b5ebce39d18a370a3a2218bad02c29f2f57d430497a2	common_voice_pa-IN_21982820.mp3	ਤਿਹਾੜ ਦੀਆਂ ਕੁੱਲ ਛੇ ਜੇਲ੍ਹਾਂ ਹਨ	0	0	fourties	male		pa-IN	
ae5d7964ae1cf5548b443f16e68eeb3005e6e1c19d4af7b3a3848dda4fe2436a10a8db34dd7fb48346a8b5ebce39d18a370a3a2218bad02c29f2f57d430497a2	common_voice_pa-IN_21982819.mp3	ਤੁਰ ਪਿਆ ਹਾਂ ਖਾਲੀ ਬਗਲੀ ਚੁੱਕ	0	0	fourties	male		pa-IN	
ae5d7964ae1cf5548b443f16e68eeb3005e6e1c19d4af7b3a3848dda4fe2436a10a8db34dd7fb48346a8b5ebce39d18a370a3a2218bad02c29f2f57d430497a2	common_voice_pa-IN_21982825.mp3	ਕਿਧਰੇ ਮਨੁੱਖੀ ਬੰਬ ਆਪਣਾ ਕਾਰਾ ਕਰ ਰਹੇ ਹਨ	0	0	fourties	male		pa-IN	
ae5d7964ae1cf5548b443f16e68eeb3005e6e1c19d4af7b3a3848dda4fe2436a10a8db34dd7fb48346a8b5ebce39d18a370a3a2218bad02c29f2f57d430497a2	common_voice_pa-IN_21982946.mp3	ਬੈਠੋ ਤੁਸੀਂ ਰਲ ਕੇ ਭਾਰਤ ਦੇ ਵੀਰੋ	0	0	fourties	male		pa-IN	
ae5d7964ae1cf5548b443f16e68eeb3005e6e1c19d4af7b3a3848dda4fe2436a10a8db34dd7fb48346a8b5ebce39d18a370a3a2218bad02c29f2f57d430497a2	common_voice_pa-IN_21982950.mp3	ਬੰਦਾ ਹਰ ਕੰਮ ਸਿੱਖ ਸਕਦਾ ਹੈ	0	0	fourties	male		pa-IN	
ae5d7964ae1cf5548b443f16e68eeb3005e6e1c19d4af7b3a3848dda4fe2436a10a8db34dd7fb48346a8b5ebce39d18a370a3a2218bad02c29f2f57d430497a2	common_voice_pa-IN_21982955.mp3	ਪੋਸਟਮਾਰਟਮ ਹੋ ਕੇ ਲਾਸ਼ਾਂ ਹੁਣੇ ਹੀ ਪਹੁੰਚੀਆਂ ਸਨ	1	0	fourties	male		pa-IN	
ae5d7964ae1cf5548b443f16e68eeb3005e6e1c19d4af7b3a3848dda4fe2436a10a8db34dd7fb48346a8b5ebce39d18a370a3a2218bad02c29f2f57d430497a2	common_voice_pa-IN_21982957.mp3	ਜਿਸ ਤੋਂ ਬਾਅਦ ਉਹ ਵਾਪਸ ਨਹੀਂ ਪਰਤਿਆ	0	0	fourties	male		pa-IN	
ae5d7964ae1cf5548b443f16e68eeb3005e6e1c19d4af7b3a3848dda4fe2436a10a8db34dd7fb48346a8b5ebce39d18a370a3a2218bad02c29f2f57d430497a2	common_voice_pa-IN_21983050.mp3	ਉਹ ਆਪਣੇ ਨੁਮਾਇੰਦਿਆਂ ਬਾਰੇ ਆਪ ਫੈਸਲਾ ਕਰਨ	1	0	fourties	male		pa-IN	
ae5d7964ae1cf5548b443f16e68eeb3005e6e1c19d4af7b3a3848dda4fe2436a10a8db34dd7fb48346a8b5ebce39d18a370a3a2218bad02c29f2f57d430497a2	common_voice_pa-IN_21983063.mp3	ਇਹਨੂੰ ਪੂੰਜੀ ਦੀ ਵਿਸ਼ਵ ਰਾਜਧਾਨੀ ਕਿਹਾ ਜਾਂਦੈ	1	0	fourties	male		pa-IN	
ae5d7964ae1cf5548b443f16e68eeb3005e6e1c19d4af7b3a3848dda4fe2436a10a8db34dd7fb48346a8b5ebce39d18a370a3a2218bad02c29f2f57d430497a2	common_voice_pa-IN_21983059.mp3	ਪਰ ਆਦੀ ਹੁਣ ਹਿੰਦੀ ਅਤੇ ਅੰਗਰੇਜ਼ੀ ਵੀ ਸਿੱਖ ਰਹੀ ਹੈ	0	0	fourties	male		pa-IN	
ae5d7964ae1cf5548b443f16e68eeb3005e6e1c19d4af7b3a3848dda4fe2436a10a8db34dd7fb48346a8b5ebce39d18a370a3a2218bad02c29f2f57d430497a2	common_voice_pa-IN_21983061.mp3	ਮੈਨੂੰ ਟੈਨਿਸ ਖੇਡਣਾ ਬਹੁਤ ਚੰਗਾ ਲੱਗਦਾ ਹੈ	1	0	fourties	male		pa-IN	
ae5d7964ae1cf5548b443f16e68eeb3005e6e1c19d4af7b3a3848dda4fe2436a10a8db34dd7fb48346a8b5ebce39d18a370a3a2218bad02c29f2f57d430497a2	common_voice_pa-IN_21983203.mp3	ਬੱਚੇ ਬੁੱਢੇ ਜਵਾਨ ਦੀ ਗੱਲ ਛਡ੍ਹੋ	0	0	fourties	male		pa-IN	
ae5d7964ae1cf5548b443f16e68eeb3005e6e1c19d4af7b3a3848dda4fe2436a10a8db34dd7fb48346a8b5ebce39d18a370a3a2218bad02c29f2f57d430497a2	common_voice_pa-IN_21983201.mp3	ਜ਼ਾਹਰ ਹੈ ਕਿ ਕੈਨੇਡਾ ਅੱਜ ਬਹੁਤ ਬਦਲ ਗਿਆ ਹੈ	0	0	fourties	male		pa-IN	
ae5d7964ae1cf5548b443f16e68eeb3005e6e1c19d4af7b3a3848dda4fe2436a10a8db34dd7fb48346a8b5ebce39d18a370a3a2218bad02c29f2f57d430497a2	common_voice_pa-IN_21983199.mp3	ਘੁਟ ਘੁਟ ਲਹੂ ਦੇ ਹੰਝੂ ਪੀਵਾਂ ਨੀਂ	0	0	fourties	male		pa-IN	
ae5d7964ae1cf5548b443f16e68eeb3005e6e1c19d4af7b3a3848dda4fe2436a10a8db34dd7fb48346a8b5ebce39d18a370a3a2218bad02c29f2f57d430497a2	common_voice_pa-IN_21983196.mp3	ਭ੍ਰਿਸ਼ਟਾਚਾਰ ਦੇ ਦੋਸ਼ ਝੇਲ ਚੁੱਕੇ ਹਨ	0	0	fourties	male		pa-IN	
ae5d7964ae1cf5548b443f16e68eeb3005e6e1c19d4af7b3a3848dda4fe2436a10a8db34dd7fb48346a8b5ebce39d18a370a3a2218bad02c29f2f57d430497a2	common_voice_pa-IN_21983204.mp3	ਉਸੇ ਵੇਲੇ ਉਸ ਦੀ ਕੰਪਨੀ ਨੂੰ ਫੋਨ ਕਰੋ	0	0	fourties	male		pa-IN	
ae5d7964ae1cf5548b443f16e68eeb3005e6e1c19d4af7b3a3848dda4fe2436a10a8db34dd7fb48346a8b5ebce39d18a370a3a2218bad02c29f2f57d430497a2	common_voice_pa-IN_21983318.mp3	ਪਰ ਪੈਸੇ ਨਾਲ ਕਰ ਲੈਂਦੀ ਹੈ	0	0	fourties	male		pa-IN	
ae5d7964ae1cf5548b443f16e68eeb3005e6e1c19d4af7b3a3848dda4fe2436a10a8db34dd7fb48346a8b5ebce39d18a370a3a2218bad02c29f2f57d430497a2	common_voice_pa-IN_21983317.mp3	ਹਰ ਹੀਲੇ ਵਸੀਲੇ ਤੇ ਅਧਿਕਾਰ ਜਮਾਂਵਾਂਗਾ	0	0	fourties	male		pa-IN	
ae5d7964ae1cf5548b443f16e68eeb3005e6e1c19d4af7b3a3848dda4fe2436a10a8db34dd7fb48346a8b5ebce39d18a370a3a2218bad02c29f2f57d430497a2	common_voice_pa-IN_21983321.mp3	ਪਰ ਤੁਫੈਲ ਮੁਹੰਮਦ ਦਾ ਬੂਹਾ ਬੰਦ ਸੀ	0	0	fourties	male		pa-IN	
ae5d7964ae1cf5548b443f16e68eeb3005e6e1c19d4af7b3a3848dda4fe2436a10a8db34dd7fb48346a8b5ebce39d18a370a3a2218bad02c29f2f57d430497a2	common_voice_pa-IN_21983315.mp3	ਸਭ ਤੋਂ ਪਹਿਲਾਂ ਭਾਦਸੋਂ ਸਰਕਲ ਦੇ ਜਥੇਦਾਰ ਬਣੇ	0	0	fourties	male		pa-IN	
ae5d7964ae1cf5548b443f16e68eeb3005e6e1c19d4af7b3a3848dda4fe2436a10a8db34dd7fb48346a8b5ebce39d18a370a3a2218bad02c29f2f57d430497a2	common_voice_pa-IN_21983312.mp3	ਸਾਧ ਕੇ ਸੰਗਿ ਲਾਗੈ ਪ੍ਰਭੁ ਮੀਠਾ	0	0	fourties	male		pa-IN	
ae5d7964ae1cf5548b443f16e68eeb3005e6e1c19d4af7b3a3848dda4fe2436a10a8db34dd7fb48346a8b5ebce39d18a370a3a2218bad02c29f2f57d430497a2	common_voice_pa-IN_21983641.mp3	ਇਹ ਗੱਲ ਮਾਮੂਲੀ ਤਕਰਾਰ ਦਾ ਕਾਰਣ ਬਣੀ	0	0	fourties	male		pa-IN	
ae5d7964ae1cf5548b443f16e68eeb3005e6e1c19d4af7b3a3848dda4fe2436a10a8db34dd7fb48346a8b5ebce39d18a370a3a2218bad02c29f2f57d430497a2	common_voice_pa-IN_21983778.mp3	ਆਕਸੀਜਨ ਲੱਗੀ ਹੋਈ ਮੇਰਾ ਪਿਤਾ ਬੇਹੋਸ਼ ਪਿਆ ਸੀ	1	0	fourties	male		pa-IN	
ae5d7964ae1cf5548b443f16e68eeb3005e6e1c19d4af7b3a3848dda4fe2436a10a8db34dd7fb48346a8b5ebce39d18a370a3a2218bad02c29f2f57d430497a2	common_voice_pa-IN_21983782.mp3	ਜਹਿਰ ਕੇ ਬਦਲੇ ਦੂ ਮੈਂ ਅੰਮ੍ਰਿਤ ਤੁਝ ਕੋ	0	0	fourties	male		pa-IN	
ae5d7964ae1cf5548b443f16e68eeb3005e6e1c19d4af7b3a3848dda4fe2436a10a8db34dd7fb48346a8b5ebce39d18a370a3a2218bad02c29f2f57d430497a2	common_voice_pa-IN_21983788.mp3	ਇਸ ਦੇ ਹੱਥਾਂ ਦੇ ਭਾਂਡੇ ਛੁੱਟ ਗਏ	1	0	fourties	male		pa-IN	
ae5d7964ae1cf5548b443f16e68eeb3005e6e1c19d4af7b3a3848dda4fe2436a10a8db34dd7fb48346a8b5ebce39d18a370a3a2218bad02c29f2f57d430497a2	common_voice_pa-IN_21983785.mp3	ਇੱਕ ਪੁੱਤ੍ਰ ਦੀ ਬਖ਼ਸ਼ ਦੇਹ ਦਾਤ ਦਾਤਾ	0	1	fourties	male		pa-IN	
ae5d7964ae1cf5548b443f16e68eeb3005e6e1c19d4af7b3a3848dda4fe2436a10a8db34dd7fb48346a8b5ebce39d18a370a3a2218bad02c29f2f57d430497a2	common_voice_pa-IN_21983783.mp3	ਰਾਮ ਸਿੰਘ ਫਿਰ ਆਖਿਆ ਰਜਾ ਰੱਬ ਦੀ ਰਹਿਣਾ	1	0	fourties	male		pa-IN	
ae5d7964ae1cf5548b443f16e68eeb3005e6e1c19d4af7b3a3848dda4fe2436a10a8db34dd7fb48346a8b5ebce39d18a370a3a2218bad02c29f2f57d430497a2	common_voice_pa-IN_21983869.mp3	ਅਖਿਆ ਮਾਤਾ ਜੀ ਇੱਕ ਝਲਕ ਪੁਆਓ ਮੈਨੂੰ	1	0	fourties	male		pa-IN	
ae5d7964ae1cf5548b443f16e68eeb3005e6e1c19d4af7b3a3848dda4fe2436a10a8db34dd7fb48346a8b5ebce39d18a370a3a2218bad02c29f2f57d430497a2	common_voice_pa-IN_21983865.mp3	ਆਤਮਾ ਮੁਹੰਮਦ ਦੀ ਆਈ ਹੈ ਕਲੀ ਅੰਦਰ	1	0	fourties	male		pa-IN	
ae5d7964ae1cf5548b443f16e68eeb3005e6e1c19d4af7b3a3848dda4fe2436a10a8db34dd7fb48346a8b5ebce39d18a370a3a2218bad02c29f2f57d430497a2	common_voice_pa-IN_21983871.mp3	ਅੱਜ ਵੀ ਕਿੱਕਰ ਸਿੰਘ ਕੱਲੂ ਗ਼ੁਲਾਮ ਤੇ	0	0	fourties	male		pa-IN	
ae5d7964ae1cf5548b443f16e68eeb3005e6e1c19d4af7b3a3848dda4fe2436a10a8db34dd7fb48346a8b5ebce39d18a370a3a2218bad02c29f2f57d430497a2	common_voice_pa-IN_21983861.mp3	ਇਸ ਤਰ੍ਹਾਂ ਹੀ ਨਾਲ ਦੇ ਪਿੰਡ ਕਬਰਸਤਾਨ ਹੈ	0	0	fourties	male		pa-IN	
ae5d7964ae1cf5548b443f16e68eeb3005e6e1c19d4af7b3a3848dda4fe2436a10a8db34dd7fb48346a8b5ebce39d18a370a3a2218bad02c29f2f57d430497a2	common_voice_pa-IN_21983868.mp3	ਇਸ ਨੂੰ ਖਤਮ ਕਰਨ ਲਈ ਸਰਗਰਮ ਵੀ ਹਨ	1	0	fourties	male		pa-IN	
ae5d7964ae1cf5548b443f16e68eeb3005e6e1c19d4af7b3a3848dda4fe2436a10a8db34dd7fb48346a8b5ebce39d18a370a3a2218bad02c29f2f57d430497a2	common_voice_pa-IN_21983951.mp3	ਧੰਨਿ ਧੰਨਿ ਹਮਾਰੇ ਭਾਗ ਘਰਿ ਆਇਆ ਪਿਰੁ ਮੇਰਾ	0	0	fourties	male		pa-IN	
ae5d7964ae1cf5548b443f16e68eeb3005e6e1c19d4af7b3a3848dda4fe2436a10a8db34dd7fb48346a8b5ebce39d18a370a3a2218bad02c29f2f57d430497a2	common_voice_pa-IN_21983953.mp3	ਬਹੁਤ ਵਿਰਾਇਆ ਮੋਢੇ ਲਾ ਵਿਰਦਾ ਨਹੀਂ	0	0	fourties	male		pa-IN	
ae5d7964ae1cf5548b443f16e68eeb3005e6e1c19d4af7b3a3848dda4fe2436a10a8db34dd7fb48346a8b5ebce39d18a370a3a2218bad02c29f2f57d430497a2	common_voice_pa-IN_21983954.mp3	ਜੀ ਮੇਰੇ ਬਾਪੂ ਦੇ ਟਰੱਕ ਚੱਲਦੇ ਐ	0	0	fourties	male		pa-IN	
ae5d7964ae1cf5548b443f16e68eeb3005e6e1c19d4af7b3a3848dda4fe2436a10a8db34dd7fb48346a8b5ebce39d18a370a3a2218bad02c29f2f57d430497a2	common_voice_pa-IN_21983955.mp3	ਬਾਅਦ ਵਿਚ ਉਹ ਮਹਾਂਭਾਰਤ ਸੀਰੀਅਲ ਦਾ ਭੀਮ ਬਣਿਆ	1	0	fourties	male		pa-IN	
ae5d7964ae1cf5548b443f16e68eeb3005e6e1c19d4af7b3a3848dda4fe2436a10a8db34dd7fb48346a8b5ebce39d18a370a3a2218bad02c29f2f57d430497a2	common_voice_pa-IN_21983952.mp3	ਭਾਅ ਜੀ ਗੁਰਸ਼ਰਨ ਸਿੰਘ ਦੀ ਯਾਦ ਵਿੱਚ	1	0	fourties	male		pa-IN	
ae5d7964ae1cf5548b443f16e68eeb3005e6e1c19d4af7b3a3848dda4fe2436a10a8db34dd7fb48346a8b5ebce39d18a370a3a2218bad02c29f2f57d430497a2	common_voice_pa-IN_21984029.mp3	ਜਵਾਬ ਸੌ ਫੀਸਦੀ ਅਸਲੀਅਤ ਹੈ ਜੀ	0	0	fourties	male		pa-IN	
ae5d7964ae1cf5548b443f16e68eeb3005e6e1c19d4af7b3a3848dda4fe2436a10a8db34dd7fb48346a8b5ebce39d18a370a3a2218bad02c29f2f57d430497a2	common_voice_pa-IN_21984031.mp3	ਸਾਈਕਲ ਤੇ ਸਕੂਟਰ ਵੀ ਬਹੁਤ ਚਲਾਏ ਹਨ	0	0	fourties	male		pa-IN	
ae5d7964ae1cf5548b443f16e68eeb3005e6e1c19d4af7b3a3848dda4fe2436a10a8db34dd7fb48346a8b5ebce39d18a370a3a2218bad02c29f2f57d430497a2	common_voice_pa-IN_21984032.mp3	ਵੋਟਾਂ ਅਕਾਲੀਆਂ ਨੂੰ ਪਾਉਣ ਦੀ ਸ਼ਰਤ ਤੇ ਮੰਨ ਸਕਦੇ ਹਾਂ	0	0	fourties	male		pa-IN	
ae5d7964ae1cf5548b443f16e68eeb3005e6e1c19d4af7b3a3848dda4fe2436a10a8db34dd7fb48346a8b5ebce39d18a370a3a2218bad02c29f2f57d430497a2	common_voice_pa-IN_21984028.mp3	ਕਾਲਜ ਵੀ ਤੰਗ ਜਿਹੀ ਥਾਂ ਸੀ	0	0	fourties	male		pa-IN	
ae5d7964ae1cf5548b443f16e68eeb3005e6e1c19d4af7b3a3848dda4fe2436a10a8db34dd7fb48346a8b5ebce39d18a370a3a2218bad02c29f2f57d430497a2	common_voice_pa-IN_21984033.mp3	ਅੱਗੇ ਗੱਲ ਇਕ ਹੋਰ ਕੱਪ ਦੀ ਕਰਦੇ ਹਾਂ	0	1	fourties	male		pa-IN	
ae5d7964ae1cf5548b443f16e68eeb3005e6e1c19d4af7b3a3848dda4fe2436a10a8db34dd7fb48346a8b5ebce39d18a370a3a2218bad02c29f2f57d430497a2	common_voice_pa-IN_21984154.mp3	ਭੈਅ ਵਿੱਚ ਸੂਰਜ ਭੈਅ ਵਿੱਚ ਚੰਦ	0	0	fourties	male		pa-IN	
ae5d7964ae1cf5548b443f16e68eeb3005e6e1c19d4af7b3a3848dda4fe2436a10a8db34dd7fb48346a8b5ebce39d18a370a3a2218bad02c29f2f57d430497a2	common_voice_pa-IN_21984156.mp3	ਪਰ ਅਗਰ ਸਰਕਾਰ ਪੈਨਸ਼ਨ ਵਧਾ ਦਿੰਦੀ ਹੈ ਤਾਂ ਕਦੇ ਲੱਡੂ ਨਹੀਂ ਵੰਡਦੇ	0	0	fourties	male		pa-IN	
ae5d7964ae1cf5548b443f16e68eeb3005e6e1c19d4af7b3a3848dda4fe2436a10a8db34dd7fb48346a8b5ebce39d18a370a3a2218bad02c29f2f57d430497a2	common_voice_pa-IN_21984160.mp3	ਉਨਾਂ ਕਿਹਾ ਕਿ ਕੁੱਝ ਗਾਹਕ ਵੀ ਪੈਸੇ ਲੇਟ ਕਰ ਦਿੰਦੇ ਹਨ	0	0	fourties	male		pa-IN	
ae5d7964ae1cf5548b443f16e68eeb3005e6e1c19d4af7b3a3848dda4fe2436a10a8db34dd7fb48346a8b5ebce39d18a370a3a2218bad02c29f2f57d430497a2	common_voice_pa-IN_21984164.mp3	ਇਸ ਗੱਲ ਦਾ ਮੈਨੂੰ ਸਦਾ ਅਫ਼ਸੋਸ ਹੈ ਤੇ ਰਹੇਗਾ	0	0	fourties	male		pa-IN	
ae5d7964ae1cf5548b443f16e68eeb3005e6e1c19d4af7b3a3848dda4fe2436a10a8db34dd7fb48346a8b5ebce39d18a370a3a2218bad02c29f2f57d430497a2	common_voice_pa-IN_21984162.mp3	ਫ਼ਰਜ਼ੀ ਪੂਜਾ ਦਾ ਢੋਂਗ ਰਚਾ ਨਾ ਬਹਿ	0	0	fourties	male		pa-IN	
ae5d7964ae1cf5548b443f16e68eeb3005e6e1c19d4af7b3a3848dda4fe2436a10a8db34dd7fb48346a8b5ebce39d18a370a3a2218bad02c29f2f57d430497a2	common_voice_pa-IN_21984225.mp3	ਕੋਈ ਨਜ਼ਰ ਵੀ ਐਸੀ ਦੇਖੀ ਨਾ	1	0	fourties	male		pa-IN	
ae5d7964ae1cf5548b443f16e68eeb3005e6e1c19d4af7b3a3848dda4fe2436a10a8db34dd7fb48346a8b5ebce39d18a370a3a2218bad02c29f2f57d430497a2	common_voice_pa-IN_21984223.mp3	ਇਹ ਤਾਂ ਫਿਫਟੀ ਫਿਫਟੀ ਦਾ ਮਾਮਲਾ ਹੈ	1	0	fourties	male		pa-IN	
ae5d7964ae1cf5548b443f16e68eeb3005e6e1c19d4af7b3a3848dda4fe2436a10a8db34dd7fb48346a8b5ebce39d18a370a3a2218bad02c29f2f57d430497a2	common_voice_pa-IN_21984226.mp3	ਇਹ ਟੋਰੀਆਂ ਦੀ ਪੱਕੀ ਸੀਟ ਹੈ	0	0	fourties	male		pa-IN	
ae5d7964ae1cf5548b443f16e68eeb3005e6e1c19d4af7b3a3848dda4fe2436a10a8db34dd7fb48346a8b5ebce39d18a370a3a2218bad02c29f2f57d430497a2	common_voice_pa-IN_21984222.mp3	ਕਿਰਤ ਕਰਨ ਤੇ ਵੰਡ ਛਕਣ ਦਾ ਧਰਮ ਕਰੀਂ	0	0	fourties	male		pa-IN	
ae5d7964ae1cf5548b443f16e68eeb3005e6e1c19d4af7b3a3848dda4fe2436a10a8db34dd7fb48346a8b5ebce39d18a370a3a2218bad02c29f2f57d430497a2	common_voice_pa-IN_21984224.mp3	ਜਿੰਦੇ ਨੇ ਟੀਕਾ ਨਹੀਂ ਸੀ ਲਵਾਇਆ	0	0	fourties	male		pa-IN	
ae5d7964ae1cf5548b443f16e68eeb3005e6e1c19d4af7b3a3848dda4fe2436a10a8db34dd7fb48346a8b5ebce39d18a370a3a2218bad02c29f2f57d430497a2	common_voice_pa-IN_21984324.mp3	ਬੱਚਾ ਕੁਦਰਤ ਦਾ ਅਨਮੋਲ ਤੋਹਫਾ ਹੁੰਦਾ ਹੈ	1	0	fourties	male		pa-IN	
ae5d7964ae1cf5548b443f16e68eeb3005e6e1c19d4af7b3a3848dda4fe2436a10a8db34dd7fb48346a8b5ebce39d18a370a3a2218bad02c29f2f57d430497a2	common_voice_pa-IN_21984331.mp3	ਵਰਤਮਾਨ ਦਾ ਪਲ ਇੱਕ ਮਾਤਰ ਅਸਤਿਤੱਵ ਹੈ	0	0	fourties	male		pa-IN	
ae5d7964ae1cf5548b443f16e68eeb3005e6e1c19d4af7b3a3848dda4fe2436a10a8db34dd7fb48346a8b5ebce39d18a370a3a2218bad02c29f2f57d430497a2	common_voice_pa-IN_21984336.mp3	ਸਾਹੀ ਲਗਾਤਾਰ ਕਬੱਡੀ ਕਬੱਡੀ ਬੋਲਦਾ ਸੀ	0	0	fourties	male		pa-IN	
ae5d7964ae1cf5548b443f16e68eeb3005e6e1c19d4af7b3a3848dda4fe2436a10a8db34dd7fb48346a8b5ebce39d18a370a3a2218bad02c29f2f57d430497a2	common_voice_pa-IN_21984328.mp3	ਢੁੱਡੀਕੇ ਦੀ ਥਾਂ ਮੇਰੇ ਕਰਮਾਂ ਵਿਚ ਮੁਕੰਦਪੁਰ ਕਾਲਜ ਦੀ ਪ੍ਰਿੰਸੀਪਲੀ ਲਿਖੀ ਸੀ	0	0	fourties	male		pa-IN	
ae5d7964ae1cf5548b443f16e68eeb3005e6e1c19d4af7b3a3848dda4fe2436a10a8db34dd7fb48346a8b5ebce39d18a370a3a2218bad02c29f2f57d430497a2	common_voice_pa-IN_21984333.mp3	ਤੋਂ ਉਹ ਲਗਾਤਾਰ ਲਿਖ ਰਿਹੈ	1	0	fourties	male		pa-IN	
ae5d7964ae1cf5548b443f16e68eeb3005e6e1c19d4af7b3a3848dda4fe2436a10a8db34dd7fb48346a8b5ebce39d18a370a3a2218bad02c29f2f57d430497a2	common_voice_pa-IN_21984421.mp3	ਗੇਟ ਅੱਗੇ ਰੰਗ ਬਰੰਗੇ ਭੁਕਾਨੇ ਲਟਕਾਏ ਹੋਏ ਸਨ	0	0	fourties	male		pa-IN	
ae5d7964ae1cf5548b443f16e68eeb3005e6e1c19d4af7b3a3848dda4fe2436a10a8db34dd7fb48346a8b5ebce39d18a370a3a2218bad02c29f2f57d430497a2	common_voice_pa-IN_21984428.mp3	ਰਾਜ ਕੁਮਾਰੀ ਬਹੁਤ ਹੀ ਪ੍ਰੇਸ਼ਾਨ ਹੈ	0	0	fourties	male		pa-IN	
ae5d7964ae1cf5548b443f16e68eeb3005e6e1c19d4af7b3a3848dda4fe2436a10a8db34dd7fb48346a8b5ebce39d18a370a3a2218bad02c29f2f57d430497a2	common_voice_pa-IN_21984434.mp3	ਬੱਚੇ ਤੇ ਹੱਥ ਨਹੀਂ ਚੁੱਕਣਾ ਚਾਹੀਦਾ	0	0	fourties	male		pa-IN	
ae5d7964ae1cf5548b443f16e68eeb3005e6e1c19d4af7b3a3848dda4fe2436a10a8db34dd7fb48346a8b5ebce39d18a370a3a2218bad02c29f2f57d430497a2	common_voice_pa-IN_21984440.mp3	ਕੁੱਲ ਖਰਚਾ ਬਿਲੀਅਨ ਡਾਲਰ ਪ੍ਰਾਪਤੀ ਜ਼ੀਰੋ	0	0	fourties	male		pa-IN	
ae5d7964ae1cf5548b443f16e68eeb3005e6e1c19d4af7b3a3848dda4fe2436a10a8db34dd7fb48346a8b5ebce39d18a370a3a2218bad02c29f2f57d430497a2	common_voice_pa-IN_21984444.mp3	ਵਾਦ ਵਿਵਾਦ ਨੇ ਖੜ੍ਹਾ ਤਾਂ ਹੋਣਾ ਹੀ ਸੀ	0	0	fourties	male		pa-IN	
ae5d7964ae1cf5548b443f16e68eeb3005e6e1c19d4af7b3a3848dda4fe2436a10a8db34dd7fb48346a8b5ebce39d18a370a3a2218bad02c29f2f57d430497a2	common_voice_pa-IN_21984683.mp3	ਸਿਖ਼ਰ ਦੁਪਹਿਰਾਂ ਵਾਂਗ ਸਾਡਾ ਇਹ ਹਾਲ ਸੀ	1	0	fourties	male		pa-IN	
ae5d7964ae1cf5548b443f16e68eeb3005e6e1c19d4af7b3a3848dda4fe2436a10a8db34dd7fb48346a8b5ebce39d18a370a3a2218bad02c29f2f57d430497a2	common_voice_pa-IN_21984695.mp3	ਫਿਰ ਉਹਦੇ ਮੂੰਹੋਂ ਪੈਗ਼ੰਬਰੀ ਬੋਲ ਨਿਕਲਦੇ ਹਨ	1	0	fourties	male		pa-IN	
ae5d7964ae1cf5548b443f16e68eeb3005e6e1c19d4af7b3a3848dda4fe2436a10a8db34dd7fb48346a8b5ebce39d18a370a3a2218bad02c29f2f57d430497a2	common_voice_pa-IN_21984694.mp3	ਨੇੜੇ ਹੀ ਅਮਰੀਕਾ ਦਾ ਬਾਰਡਰ ਸੀ	0	0	fourties	male		pa-IN	
ae5d7964ae1cf5548b443f16e68eeb3005e6e1c19d4af7b3a3848dda4fe2436a10a8db34dd7fb48346a8b5ebce39d18a370a3a2218bad02c29f2f57d430497a2	common_voice_pa-IN_21984798.mp3	ਇਸ ਮਗਰੋਂ ਮਾਈਕ ਹਰਭਜਨ ਮਾਨ ਨੇ ਸੰਭਾਲਿਆ	0	0	fourties	male		pa-IN	
ae5d7964ae1cf5548b443f16e68eeb3005e6e1c19d4af7b3a3848dda4fe2436a10a8db34dd7fb48346a8b5ebce39d18a370a3a2218bad02c29f2f57d430497a2	common_voice_pa-IN_21984797.mp3	ਰੁੱਤਾਂ ਦਾ ਰੱਜਵਾਂ ਚੀਰ ਹਰਣ ਹੋਇਆ	0	0	fourties	male		pa-IN	
ae5d7964ae1cf5548b443f16e68eeb3005e6e1c19d4af7b3a3848dda4fe2436a10a8db34dd7fb48346a8b5ebce39d18a370a3a2218bad02c29f2f57d430497a2	common_voice_pa-IN_21984803.mp3	ਪ੍ਰੋਫੈਸਰ ਪੰਜਾਬੀ ਵਿਭਾਗ ਤੇ ਡਾਇਰੈਕਟਰ ਯੁਵਕ ਭਲਾਈ	0	0	fourties	male		pa-IN	
ae5d7964ae1cf5548b443f16e68eeb3005e6e1c19d4af7b3a3848dda4fe2436a10a8db34dd7fb48346a8b5ebce39d18a370a3a2218bad02c29f2f57d430497a2	common_voice_pa-IN_21984796.mp3	ਦਾਦਾ ਦਾਦੀ ਨਾਨਾ ਨਾਨੀ ਨੇ ਕੀ ਨਹੀਂ ਕੀਤਾ ਤੁਹਾਡੇ ਲਈ	1	0	fourties	male		pa-IN	
ae5d7964ae1cf5548b443f16e68eeb3005e6e1c19d4af7b3a3848dda4fe2436a10a8db34dd7fb48346a8b5ebce39d18a370a3a2218bad02c29f2f57d430497a2	common_voice_pa-IN_21984810.mp3	ਪੂਰਾ ਆਸ਼੍ਰਮ ਹੈਰਾਨ ਹੋਇਆ	1	0	fourties	male		pa-IN	
ae5d7964ae1cf5548b443f16e68eeb3005e6e1c19d4af7b3a3848dda4fe2436a10a8db34dd7fb48346a8b5ebce39d18a370a3a2218bad02c29f2f57d430497a2	common_voice_pa-IN_21984914.mp3	ਜਿਸ ਤੋਂ ਬਾਅਦ ਉਕਤ ਸਾਰੀ ਘਟਨਾ ਵਾਪਰੀ	0	0	fourties	male		pa-IN	
ae5d7964ae1cf5548b443f16e68eeb3005e6e1c19d4af7b3a3848dda4fe2436a10a8db34dd7fb48346a8b5ebce39d18a370a3a2218bad02c29f2f57d430497a2	common_voice_pa-IN_21984920.mp3	ਜਿਸ ਸੱਭ ਦਾ ਨਤੀਜਾ ਕਸ਼ਮੀਰੀ ਲੋਕਾਂ ਨੂੰ ਭੁਗਤਣਾ ਪਿਆ ਹੈ	0	0	fourties	male		pa-IN	
ae5d7964ae1cf5548b443f16e68eeb3005e6e1c19d4af7b3a3848dda4fe2436a10a8db34dd7fb48346a8b5ebce39d18a370a3a2218bad02c29f2f57d430497a2	common_voice_pa-IN_21984938.mp3	ਧਰਤੀ ਸੂਰਜ ਤੇ ਚੰਦ ਤਾਰੇ ਉਹਦੇ ਖਿਡਾਰੀ ਹਨ	1	0	fourties	male		pa-IN	
ae5d7964ae1cf5548b443f16e68eeb3005e6e1c19d4af7b3a3848dda4fe2436a10a8db34dd7fb48346a8b5ebce39d18a370a3a2218bad02c29f2f57d430497a2	common_voice_pa-IN_21984928.mp3	ਪਰ ਪਤਾ ਨਹੀਂ ਉਹ ਕਿੰਨੀ ਦੂਰ ਸਨ	1	0	fourties	male		pa-IN	
ae5d7964ae1cf5548b443f16e68eeb3005e6e1c19d4af7b3a3848dda4fe2436a10a8db34dd7fb48346a8b5ebce39d18a370a3a2218bad02c29f2f57d430497a2	common_voice_pa-IN_21984948.mp3	ਬਿਮਾਰ ਤੰਦਰੁਸਤ ਅਮੀਰ ਗਰੀਬ ਹੋ ਗਿਆ	1	0	fourties	male		pa-IN	
ae5d7964ae1cf5548b443f16e68eeb3005e6e1c19d4af7b3a3848dda4fe2436a10a8db34dd7fb48346a8b5ebce39d18a370a3a2218bad02c29f2f57d430497a2	common_voice_pa-IN_21985021.mp3	ਢੁੱਡੀਕੇ ਪਹੁੰਚੇ ਤਾਂ ਰੋਟੀ ਟੁੱਕ ਤਿਆਰ ਸੀ	0	0	fourties	male		pa-IN	
ae5d7964ae1cf5548b443f16e68eeb3005e6e1c19d4af7b3a3848dda4fe2436a10a8db34dd7fb48346a8b5ebce39d18a370a3a2218bad02c29f2f57d430497a2	common_voice_pa-IN_21985033.mp3	ਉਸ ਦੀ ਕੁਮੈਂਟਰੀ ਵਿਚ ਹਾਸਾ ਖੇਡਾ ਵੀ ਚਲਦੈ	0	0	fourties	male		pa-IN	
ae5d7964ae1cf5548b443f16e68eeb3005e6e1c19d4af7b3a3848dda4fe2436a10a8db34dd7fb48346a8b5ebce39d18a370a3a2218bad02c29f2f57d430497a2	common_voice_pa-IN_21985029.mp3	ਚਲੋ ਇਨ੍ਹਾਂ ਲੀਡਰਾਂ ਭੁੱਲ ਮੰਨੀ ਤਾਂ ਸਹੀ	0	0	fourties	male		pa-IN	
ae5d7964ae1cf5548b443f16e68eeb3005e6e1c19d4af7b3a3848dda4fe2436a10a8db34dd7fb48346a8b5ebce39d18a370a3a2218bad02c29f2f57d430497a2	common_voice_pa-IN_21985025.mp3	ਉਹਦੀ ਸ਼ਾਮ ਬੜੀ ਰੰਗੀਨ ਹੁੰਦੀ ਸੀ	0	0	fourties	male		pa-IN	
ae5d7964ae1cf5548b443f16e68eeb3005e6e1c19d4af7b3a3848dda4fe2436a10a8db34dd7fb48346a8b5ebce39d18a370a3a2218bad02c29f2f57d430497a2	common_voice_pa-IN_21985036.mp3	ਇਹ ਉਮਰ ਬਗਾਵਤ ਵਾਲੀ ਹੁੰਦੀ ਹੈ	0	0	fourties	male		pa-IN	
ae5d7964ae1cf5548b443f16e68eeb3005e6e1c19d4af7b3a3848dda4fe2436a10a8db34dd7fb48346a8b5ebce39d18a370a3a2218bad02c29f2f57d430497a2	common_voice_pa-IN_21985220.mp3	ਸਤਿਕਾਰ ਯੋਗ ਸੰਪਾਦਕ ਜੀ ਸਤਿ ਸ੍ਰੀ ਅਕਾਲ	0	0	fourties	male		pa-IN	
ae5d7964ae1cf5548b443f16e68eeb3005e6e1c19d4af7b3a3848dda4fe2436a10a8db34dd7fb48346a8b5ebce39d18a370a3a2218bad02c29f2f57d430497a2	common_voice_pa-IN_21985226.mp3	ਇਹ ਆਖ ਕੇ ਪਰਿੰਦਾ ਰਸੋਈ ਵੱਲ ਗਿਆ	0	0	fourties	male		pa-IN	
ae5d7964ae1cf5548b443f16e68eeb3005e6e1c19d4af7b3a3848dda4fe2436a10a8db34dd7fb48346a8b5ebce39d18a370a3a2218bad02c29f2f57d430497a2	common_voice_pa-IN_21985229.mp3	ਉਹਨਾਂ ਦਿਨਾਂ ਦੀਆਂ ਯਾਦਾਂ ਅਭੁੱਲ ਹਨ	0	1	fourties	male		pa-IN	
ae5d7964ae1cf5548b443f16e68eeb3005e6e1c19d4af7b3a3848dda4fe2436a10a8db34dd7fb48346a8b5ebce39d18a370a3a2218bad02c29f2f57d430497a2	common_voice_pa-IN_21985228.mp3	ਇਹੀ ਰਾਸ਼ਟਰਪਤੀ ਜ਼ਰਦਾਰੀ ਅਤੇ ਉਨ੍ਹਾਂ ਦਾ ਸੰਦੇਸ਼ ਹੈ	1	0	fourties	male		pa-IN	
91304a2e9b4a8e1c637d5e49ac5cc496631af687f2ea06703a75e0ae5b6acd0e09b9dc16e758ce815f165f5d838f454553eb9561fca47c1ed71f92f87531eaf3	common_voice_pa-IN_22475190.mp3	ਮੇਰੇ ਇੱਕ ਸਿੰਗੇ ਵਰਗਾ ਕਰ ਲੈ	0	0				pa-IN	
91304a2e9b4a8e1c637d5e49ac5cc496631af687f2ea06703a75e0ae5b6acd0e09b9dc16e758ce815f165f5d838f454553eb9561fca47c1ed71f92f87531eaf3	common_voice_pa-IN_22475187.mp3	ਜਿਹੜੇ ਸਾਰੇ ਹੀ ਝੂਠੇ ਸਨ	1	0				pa-IN	
91304a2e9b4a8e1c637d5e49ac5cc496631af687f2ea06703a75e0ae5b6acd0e09b9dc16e758ce815f165f5d838f454553eb9561fca47c1ed71f92f87531eaf3	common_voice_pa-IN_22475184.mp3	ਇਹ ਉਸ ਦਾ ਨਿਵੇਸ਼ ਹੁੰਦਾ ਹੈ	0	0				pa-IN	
651385458feae8de0192eebaa405cd6ddc37fb6cc77bbd261b4abef913c21dcd023bac100fe83f0e242f957d84c5a96271452a15ccea0f1650c4d9d4a0a4ee7e	common_voice_pa-IN_22475192.mp3	ਇਹ ਸਤ੍ਹਾ ਦੇ ਵਾਲਾਂ ਨੂੰ ਢੱਕ ਲੈਂਦੀਆਂ ਹਨ	0	0	thirties	male		pa-IN	
651385458feae8de0192eebaa405cd6ddc37fb6cc77bbd261b4abef913c21dcd023bac100fe83f0e242f957d84c5a96271452a15ccea0f1650c4d9d4a0a4ee7e	common_voice_pa-IN_22475195.mp3	ਇਹ ਟੈਲੀਫੋਨ ਕਾਲਾਂ ਤਿੰਨ ਪ੍ਰਕਾਰ ਦੀਆਂ ਸਨ	0	0	thirties	male		pa-IN	
651385458feae8de0192eebaa405cd6ddc37fb6cc77bbd261b4abef913c21dcd023bac100fe83f0e242f957d84c5a96271452a15ccea0f1650c4d9d4a0a4ee7e	common_voice_pa-IN_22475191.mp3	ਹੱਟੀ ਅੰਦਰ ਬੈਠਾ ਉਹ ਚਕਰਾ ਜਿਹਾ ਗਿਆ	0	0	thirties	male		pa-IN	
651385458feae8de0192eebaa405cd6ddc37fb6cc77bbd261b4abef913c21dcd023bac100fe83f0e242f957d84c5a96271452a15ccea0f1650c4d9d4a0a4ee7e	common_voice_pa-IN_22475194.mp3	ਅਸੀਂ ਦੁੱਧ ਪੀਣ ਨੂੰ ਤਰਸ ਜਾਂਦੇ	0	0	thirties	male		pa-IN	
651385458feae8de0192eebaa405cd6ddc37fb6cc77bbd261b4abef913c21dcd023bac100fe83f0e242f957d84c5a96271452a15ccea0f1650c4d9d4a0a4ee7e	common_voice_pa-IN_22475193.mp3	ਲੋਕ ਕੰਮ ਛੱਡ ਕੇ ਚਲੇ ਗਏ ਹਨ	0	0	thirties	male		pa-IN	
91304a2e9b4a8e1c637d5e49ac5cc496631af687f2ea06703a75e0ae5b6acd0e09b9dc16e758ce815f165f5d838f454553eb9561fca47c1ed71f92f87531eaf3	common_voice_pa-IN_22475188.mp3	ਮਰਦ ਅਗੰਮੜੇ ਉੱਚ ਦ ੇਪੀਰਵਰਗੀ	0	0				pa-IN	
91304a2e9b4a8e1c637d5e49ac5cc496631af687f2ea06703a75e0ae5b6acd0e09b9dc16e758ce815f165f5d838f454553eb9561fca47c1ed71f92f87531eaf3	common_voice_pa-IN_22475189.mp3	ਪਹਿਲਾਂ ਰਿਸ਼ਤੇਦਾਰਾਂ ਦੋਸਤਾ ਦੀ ਮੱਦਦ ਲਵੋ	0	0				pa-IN	
